Analog,Temp_C
0,0
3,1
7,2
10,3
13,4
16,5
19,6
22,7
25,8
28,9
31,10
35,11
38,12
41,13
44,14
47,15
50,16
53,17
56,18
59,19
63,20
66,21
69,22
72,23
75,24
78,25
81,26
84,27
87,28
91,29
94,30
97,31
98,31.5
100,32
103,33
106,34
109,35
112,36
115,37
119,38
122,39
125,40
128,41
131,42
134,43
137,44
140,45
143,46
147,47
150,48
153,49
156,50
159,51
162,52
165,53
168,54
171,55
175,56
178,57
181,58
